{
    "summary": {
        "total_tests": 403,
        "average_total_time": 15.289495450785774,
        "average_turn_walk_ratio": 0.7408737429438901,
        "severity_distribution": {
            "Severe": 112,
            "Mild": 112,
            "Slight": 109,
            "Moderate": 36,
            "Normal": 34
        }
    },
    "severity_details": {
        "Normal": {
            "count": 34,
            "total_time_stats": {
                "mean": 8.917647058823531,
                "std": 1.858590670122166,
                "min": 5.8,
                "max": 13.633333333333333
            },
            "turn_walk_ratio_stats": {
                "mean": 0.048618757874235,
                "std": 0.14879246189409953,
                "min": 0.0,
                "max": 0.6639344262295084
            }
        },
        "Slight": {
            "count": 109,
            "total_time_stats": {
                "mean": 9.390214067278286,
                "std": 1.250442742598128,
                "min": 6.933333333333333,
                "max": 12.233333333333333
            },
            "turn_walk_ratio_stats": {
                "mean": 0.25149451937559447,
                "std": 0.07049808946055659,
                "min": 0.0,
                "max": 0.40444444444444455
            }
        },
        "Mild": {
            "count": 112,
            "total_time_stats": {
                "mean": 10.408333333333333,
                "std": 1.6019913783714244,
                "min": 6.633333333333334,
                "max": 13.666666666666668
            },
            "turn_walk_ratio_stats": {
                "mean": 0.9534492195526472,
                "std": 0.40864485789540667,
                "min": 0.3134328358208955,
                "max": 2.5616438356164393
            }
        },
        "Moderate": {
            "count": 36,
            "total_time_stats": {
                "mean": 21.65833333333333,
                "std": 12.908526467244645,
                "min": 10.566666666666665,
                "max": 66.89999999999999
            },
            "turn_walk_ratio_stats": {
                "mean": 0.21798331637653223,
                "std": 0.16976449868241883,
                "min": 0.0,
                "max": 0.7665952890792291
            }
        },
        "Severe": {
            "count": 112,
            "total_time_stats": {
                "mean": 25.799107142857142,
                "std": 20.96509538306109,
                "min": 11.633333333333333,
                "max": 173.79999999999998
            },
            "turn_walk_ratio_stats": {
                "mean": 1.3827898754220738,
                "std": 0.9573343796487305,
                "min": 0.28428571428571425,
                "max": 8.148936170212767
            }
        }
    },
    "risk_assessment": {
        "high_risk_count": 148,
        "fall_risk_count": 146
    }
}