{
    "summary": {
        "total_tests": 403,
        "average_total_time": 15.289495450785774,
        "average_turn_walk_ratio": 0.7408737429438901,
        "severity_distribution": {
            "Slight": 137,
            "Severe": 113,
            "Mild": 113,
            "Moderate": 33,
            "Normal": 7
        }
    },
    "severity_details": {
        "Normal": {
            "count": 7,
            "total_time_stats": {
                "mean": 6.547619047619047,
                "std": 0.42245190077168376,
                "min": 5.8,
                "max": 6.966666666666667
            },
            "turn_walk_ratio_stats": {
                "mean": 0.10709387935665306,
                "std": 0.19442342077221372,
                "min": 0.0,
                "max": 0.4890510948905109
            }
        },
        "Slight": {
            "count": 137,
            "total_time_stats": {
                "mean": 9.504379562043795,
                "std": 1.3435504222865167,
                "min": 7.033333333333333,
                "max": 12.866666666666664
            },
            "turn_walk_ratio_stats": {
                "mean": 0.2058853625298224,
                "std": 0.11960572773200084,
                "min": 0.0,
                "max": 0.5431472081218274
            }
        },
        "Mild": {
            "count": 113,
            "total_time_stats": {
                "mean": 10.267551622418878,
                "std": 1.5302470244678408,
                "min": 6.633333333333334,
                "max": 12.9
            },
            "turn_walk_ratio_stats": {
                "mean": 0.9581776525728338,
                "std": 0.4443999793251021,
                "min": 0.27111111111111114,
                "max": 2.5616438356164393
            }
        },
        "Moderate": {
            "count": 33,
            "total_time_stats": {
                "mean": 23.02323232323232,
                "std": 13.045940420215457,
                "min": 13.333333333333332,
                "max": 66.89999999999999
            },
            "turn_walk_ratio_stats": {
                "mean": 0.25051066687779416,
                "std": 0.23160404739410848,
                "min": 0.0,
                "max": 0.9567307692307696
            }
        },
        "Severe": {
            "count": 113,
            "total_time_stats": {
                "mean": 25.608259587020648,
                "std": 20.90170330407017,
                "min": 13.033333333333337,
                "max": 173.79999999999998
            },
            "turn_walk_ratio_stats": {
                "mean": 1.3546481401469734,
                "std": 0.9548916499816553,
                "min": 0.34678899082568815,
                "max": 8.148936170212767
            }
        }
    },
    "risk_assessment": {
        "high_risk_count": 146,
        "fall_risk_count": 146
    }
}