{
  "mode": "binary",
  "feature_names": [
    "total_duration",
    "sit_to_stand_time",
    "walk_from_chair_time",
    "turn_first_time",
    "walk_to_chair_time",
    "turn_second_time",
    "stand_to_sit_time",
    "total_walk_time",
    "total_turn_time",
    "turn_walk_ratio",
    "avg_walk_time",
    "avg_turn_time",
    "sit_to_stand_ratio",
    "walk_ratio",
    "turn_ratio",
    "stand_to_sit_ratio"
  ],
  "class_names": [
    "Normal",
    "Impaired"
  ],
  "num_features": 16,
  "num_classes": 2,
  "architecture": [
    32,
    16
  ],
  "scaler_mean": [
    19.192092197822767,
    1.973615256176321,
    5.783083929790522,
    2.5479991282351024,
    5.364578424651998,
    1.9418328916012524,
    1.580982567367566,
    11.14766235444252,
    4.489832019836358,
    0.44261564541418036,
    5.57383117722126,
    2.244916009918179,
    0.11290583228502059,
    0.5430023390975188,
    0.23236919498202716,
    0.11172255346488065
  ],
  "scaler_scale": [
    21.47594360730679,
    1.6279345524200188,
    7.532850669713452,
    2.4481621232935953,
    8.0458866915687,
    2.9878890230032753,
    0.7497785383346738,
    15.489851707889905,
    5.118413187975842,
    0.13220757213923173,
    7.744925853944952,
    2.559206593987921,
    0.03802754782844532,
    0.07015745177202314,
    0.04987600821039097,
    0.050067053912004
  ]
}