{
    "step_count": 21,
    "mean_step_length": 0.04326027915591285,
    "stride_time": 1.1666666666666665,
    "cadence": 104.70914127423822,
    "step_symmetry": 0.22253774597688875,
    "left_knee_range": 41.665883828243636,
    "right_knee_range": 39.3500718056826,
    "upper_body_sway": 0.1586635635426061,
    "turn1_duration": 2.3333333333333335,
    "turn2_duration": 2.1333333333333333,
    "total_time": 21.3,
    "sit_to_stand_time": 2.5,
    "walk_from_chair_time": 5.93,
    "turn_first_time": 2.33,
    "walk_to_chair_time": 6.1,
    "turn_second_time": 2.13,
    "stand_to_sit_time": 2.3,
    "total_walking_time": 12.03,
    "total_turning_time": 4.47,
    "turn_walk_ratio": 0.37,
    "severity_level": "Severe",
    "severity_score": 4,
    "severity_rationale": "Completed in 21.3s (>13s) with issues in both walking (12.0s) and turning (4.5s)",
    "video": "001_color.mp4"
}