{
    "step_count": 20,
    "mean_step_length": 0.04756830781698227,
    "stride_time": 1.2280701754385965,
    "cadence": 99.7229916897507,
    "step_symmetry": 0.1636968799893217,
    "left_knee_range": 41.38721551263609,
    "right_knee_range": 38.660764807959055,
    "upper_body_sway": 0.1586627056821586,
    "turn1_duration": 2.3333333333333335,
    "turn2_duration": 2.1,
    "total_time": 21.3,
    "sit_to_stand_time": 2.5,
    "walk_from_chair_time": 5.93,
    "turn_first_time": 2.33,
    "walk_to_chair_time": 6.1,
    "turn_second_time": 2.1,
    "stand_to_sit_time": 2.33,
    "total_walking_time": 12.03,
    "total_turning_time": 4.43,
    "turn_walk_ratio": 0.37,
    "severity_level": "Severe",
    "severity_score": 4,
    "severity_rationale": "Completed in 21.3s (>13s) with issues in both walking (12.0s) and turning (4.4s)",
    "video": "001_color.mp4"
}