{
    "step_count": 59,
    "mean_step_length": 0.026588938751463162,
    "stride_time": 0.9643678160919541,
    "cadence": 123.63213038416765,
    "step_symmetry": 0.24880281199575133,
    "left_knee_range": 19.822891956877555,
    "right_knee_range": 26.535987696078564,
    "upper_body_sway": 0.23296688133815324,
    "turn1_duration": 9.833333333333334,
    "turn2_duration": 22.0,
    "total_time": 70.3,
    "sit_to_stand_time": 3.23,
    "walk_from_chair_time": 9.6,
    "turn_first_time": 9.83,
    "walk_to_chair_time": 19.03,
    "turn_second_time": 22.0,
    "stand_to_sit_time": 6.6,
    "total_walking_time": 28.63,
    "total_turning_time": 31.83,
    "turn_walk_ratio": 1.11,
    "severity_level": "Severe",
    "severity_score": 4,
    "severity_rationale": "Completed in 70.3s (>13s) with issues in both walking (28.6s) and turning (31.8s)",
    "video": "061_color.mp4"
}