{
    "step_count": 56,
    "mean_step_length": 0.027302642752017294,
    "stride_time": 1.0327272727272727,
    "cadence": 117.6196032672112,
    "step_symmetry": 0.014424990095361257,
    "left_knee_range": 19.147999725381453,
    "right_knee_range": 26.952466290626546,
    "upper_body_sway": 0.2327549189139489,
    "turn1_duration": 9.866666666666667,
    "turn2_duration": 21.966666666666665,
    "total_time": 70.27,
    "sit_to_stand_time": 3.23,
    "walk_from_chair_time": 9.6,
    "turn_first_time": 9.87,
    "walk_to_chair_time": 18.97,
    "turn_second_time": 21.97,
    "stand_to_sit_time": 6.63,
    "total_walking_time": 28.57,
    "total_turning_time": 31.83,
    "turn_walk_ratio": 1.11,
    "severity_level": "Severe",
    "severity_score": 4,
    "severity_rationale": "Completed in 70.3s (>13s) with issues in both walking (28.6s) and turning (31.8s)",
    "video": "061_color.mp4"
}