{
    "step_count": 12,
    "mean_step_length": 0.10834622010588646,
    "stride_time": 1.1090909090909091,
    "cadence": 107.99999999999999,
    "step_symmetry": 0.141685188039628,
    "left_knee_range": 47.5591001089534,
    "right_knee_range": 46.941407267581866,
    "upper_body_sway": 0.2226097811633027,
    "turn1_duration": 1.4333333333333333,
    "turn2_duration": 1.6,
    "total_time": 12.57,
    "sit_to_stand_time": 1.7,
    "walk_from_chair_time": 3.77,
    "turn_first_time": 1.43,
    "walk_to_chair_time": 2.9,
    "turn_second_time": 1.6,
    "stand_to_sit_time": 1.17,
    "total_walking_time": 6.67,
    "total_turning_time": 3.03,
    "turn_walk_ratio": 0.46,
    "severity_level": "Slight",
    "severity_score": 1,
    "severity_rationale": "Completed in 12.6s (\u226413s) with turning ratio 0.46 (<1.0), indicating slight mobility issues",
    "video": "091_color.mp4"
}