{
    "step_count": 11,
    "mean_step_length": 0.07760664820671082,
    "stride_time": 0.9199999999999999,
    "cadence": 121.47239263803681,
    "step_symmetry": 0.031395196272059,
    "left_knee_range": 47.684683206518855,
    "right_knee_range": 41.93834651608063,
    "upper_body_sway": 0.16337223003545906,
    "turn1_duration": 2.066666666666667,
    "turn2_duration": 0.7,
    "total_time": 11.57,
    "sit_to_stand_time": 1.8,
    "walk_from_chair_time": 2.97,
    "turn_first_time": 2.07,
    "walk_to_chair_time": 2.47,
    "turn_second_time": 0.7,
    "stand_to_sit_time": 1.57,
    "total_walking_time": 5.43,
    "total_turning_time": 2.77,
    "turn_walk_ratio": 0.51,
    "severity_level": "Slight",
    "severity_score": 1,
    "severity_rationale": "Completed in 11.6s (\u226413s) with turning ratio 0.51 (<1.0), indicating slight mobility issues",
    "video": "111_color.mp4"
}