{
    "step_count": 40,
    "mean_step_length": 0.02748633250594139,
    "stride_time": 0.9504273504273505,
    "cadence": 126.76056338028168,
    "step_symmetry": 0.11943570463367326,
    "left_knee_range": 50.569243077096075,
    "right_knee_range": 57.43989996429977,
    "upper_body_sway": 0.1439993323859729,
    "turn1_duration": 2.6666666666666665,
    "turn2_duration": 0.0,
    "total_time": 23.83,
    "sit_to_stand_time": 2.23,
    "walk_from_chair_time": 8.93,
    "turn_first_time": 2.67,
    "walk_to_chair_time": 10.0,
    "turn_second_time": 0,
    "stand_to_sit_time": 0,
    "total_walking_time": 18.93,
    "total_turning_time": 2.67,
    "turn_walk_ratio": 0.14,
    "severity_level": "Severe",
    "severity_score": 4,
    "severity_rationale": "Completed in 23.8s (>13s), indicating severe mobility issues",
    "video": "260_color.mp4"
}