{
    "step_count": 41,
    "mean_step_length": 0.02746330092592937,
    "stride_time": 0.9233333333333335,
    "cadence": 130.15873015873015,
    "step_symmetry": 0.2037450372077726,
    "left_knee_range": 51.08364716380997,
    "right_knee_range": 110.49482629998259,
    "upper_body_sway": 0.14402306398113665,
    "turn1_duration": 2.6666666666666665,
    "turn2_duration": 0.0,
    "total_time": 23.7,
    "sit_to_stand_time": 2.13,
    "walk_from_chair_time": 8.9,
    "turn_first_time": 2.67,
    "walk_to_chair_time": 10.0,
    "turn_second_time": 0,
    "stand_to_sit_time": 0,
    "total_walking_time": 18.9,
    "total_turning_time": 2.67,
    "turn_walk_ratio": 0.14,
    "severity_level": "Severe",
    "severity_score": 4,
    "severity_rationale": "Completed in 23.7s (>13s), indicating severe mobility issues",
    "video": "260_color.mp4"
}