{
    "step_count": 38,
    "mean_step_length": 0.026387706398963928,
    "stride_time": 0.9801801801801802,
    "cadence": 123.46570397111915,
    "step_symmetry": 0.04120170607431802,
    "left_knee_range": 88.88573313950836,
    "right_knee_range": 119.45758125083975,
    "upper_body_sway": 0.1513348281825232,
    "turn1_duration": 2.6666666666666665,
    "turn2_duration": 0.0,
    "total_time": 23.1,
    "sit_to_stand_time": 1.97,
    "walk_from_chair_time": 10.37,
    "turn_first_time": 2.67,
    "walk_to_chair_time": 8.1,
    "turn_second_time": 0,
    "stand_to_sit_time": 0,
    "total_walking_time": 18.47,
    "total_turning_time": 2.67,
    "turn_walk_ratio": 0.14,
    "severity_level": "Severe",
    "severity_score": 4,
    "severity_rationale": "Completed in 23.1s (>13s), indicating severe mobility issues",
    "video": "261_color.mp4"
}