{
    "step_count": 35,
    "mean_step_length": 0.02755940386227199,
    "stride_time": 1.0647058823529412,
    "cadence": 113.51351351351352,
    "step_symmetry": 0.2930910634613761,
    "left_knee_range": 88.81510895549445,
    "right_knee_range": 127.60265677378456,
    "upper_body_sway": 0.15176549048537977,
    "turn1_duration": 2.6333333333333333,
    "turn2_duration": 0.0,
    "total_time": 23.07,
    "sit_to_stand_time": 1.93,
    "walk_from_chair_time": 10.4,
    "turn_first_time": 2.63,
    "walk_to_chair_time": 8.1,
    "turn_second_time": 0,
    "stand_to_sit_time": 0,
    "total_walking_time": 18.5,
    "total_turning_time": 2.63,
    "turn_walk_ratio": 0.14,
    "severity_level": "Severe",
    "severity_score": 4,
    "severity_rationale": "Completed in 23.1s (>13s), indicating severe mobility issues",
    "video": "261_color.mp4"
}