{
    "step_count": 15,
    "mean_step_length": 0.05327796936035156,
    "stride_time": 1.1761904761904762,
    "cadence": 105.88235294117646,
    "step_symmetry": 0.33004312415614406,
    "left_knee_range": 34.82505761676455,
    "right_knee_range": 35.356331630390855,
    "upper_body_sway": 0.13971176770550983,
    "turn1_duration": 2.066666666666667,
    "turn2_duration": 1.5666666666666667,
    "total_time": 14.57,
    "sit_to_stand_time": 2.43,
    "walk_from_chair_time": 4.07,
    "turn_first_time": 2.07,
    "walk_to_chair_time": 4.43,
    "turn_second_time": 1.57,
    "stand_to_sit_time": 0,
    "total_walking_time": 8.5,
    "total_turning_time": 3.63,
    "turn_walk_ratio": 0.43,
    "severity_level": "Severe",
    "severity_score": 4,
    "severity_rationale": "Completed in 14.6s (>13s), indicating severe mobility issues",
    "video": "264_color.mp4"
}