{
    "step_count": 14,
    "mean_step_length": 0.05444149672985077,
    "stride_time": 1.2666666666666668,
    "cadence": 98.8235294117647,
    "step_symmetry": 0.4145716118004661,
    "left_knee_range": 35.15111613668017,
    "right_knee_range": 39.39166486551886,
    "upper_body_sway": 0.13970390667794447,
    "turn1_duration": 2.066666666666667,
    "turn2_duration": 1.5666666666666667,
    "total_time": 14.7,
    "sit_to_stand_time": 2.57,
    "walk_from_chair_time": 4.07,
    "turn_first_time": 2.07,
    "walk_to_chair_time": 4.43,
    "turn_second_time": 1.57,
    "stand_to_sit_time": 0,
    "total_walking_time": 8.5,
    "total_turning_time": 3.63,
    "turn_walk_ratio": 0.43,
    "severity_level": "Severe",
    "severity_score": 4,
    "severity_rationale": "Completed in 14.7s (>13s), indicating severe mobility issues",
    "video": "264_color.mp4"
}