{
    "step_count": 15,
    "mean_step_length": 0.05251516302426656,
    "stride_time": 1.019047619047619,
    "cadence": 117.3913043478261,
    "step_symmetry": 0.16295988886286744,
    "left_knee_range": 45.282557252587935,
    "right_knee_range": 31.036835873766734,
    "upper_body_sway": 0.1506430277402324,
    "turn1_duration": 1.7666666666666666,
    "turn2_duration": 2.8666666666666667,
    "total_time": 14.0,
    "sit_to_stand_time": 1.7,
    "walk_from_chair_time": 4.03,
    "turn_first_time": 1.77,
    "walk_to_chair_time": 3.63,
    "turn_second_time": 2.87,
    "stand_to_sit_time": 0,
    "total_walking_time": 7.67,
    "total_turning_time": 4.63,
    "turn_walk_ratio": 0.6,
    "severity_level": "Severe",
    "severity_score": 4,
    "severity_rationale": "Completed in 14.0s (>13s) with issues in both walking (7.7s) and turning (4.6s)",
    "video": "265_color.mp4"
}