{
    "step_count": 15,
    "mean_step_length": 0.05255830685297648,
    "stride_time": 1.0142857142857142,
    "cadence": 117.90393013100436,
    "step_symmetry": 0.16562599902532874,
    "left_knee_range": 43.68229209337312,
    "right_knee_range": 30.019789320013103,
    "upper_body_sway": 0.1503320309728011,
    "turn1_duration": 1.7666666666666666,
    "turn2_duration": 2.8666666666666667,
    "total_time": 13.97,
    "sit_to_stand_time": 1.7,
    "walk_from_chair_time": 4.0,
    "turn_first_time": 1.77,
    "walk_to_chair_time": 3.63,
    "turn_second_time": 2.87,
    "stand_to_sit_time": 0,
    "total_walking_time": 7.63,
    "total_turning_time": 4.63,
    "turn_walk_ratio": 0.61,
    "severity_level": "Severe",
    "severity_score": 4,
    "severity_rationale": "Completed in 14.0s (>13s) with issues in both walking (7.6s) and turning (4.6s)",
    "video": "265_color.mp4"
}