{
    "step_count": 23,
    "mean_step_length": 0.047882164302079575,
    "stride_time": 1.2787878787878788,
    "cadence": 94.52054794520548,
    "step_symmetry": 0.05598252989194849,
    "left_knee_range": 79.47783696588672,
    "right_knee_range": 88.27860234215404,
    "upper_body_sway": 0.166069908218919,
    "turn1_duration": 3.6666666666666665,
    "turn2_duration": 0.0,
    "total_time": 19.63,
    "sit_to_stand_time": 1.37,
    "walk_from_chair_time": 6.5,
    "turn_first_time": 3.67,
    "walk_to_chair_time": 8.1,
    "turn_second_time": 0,
    "stand_to_sit_time": 0,
    "total_walking_time": 14.6,
    "total_turning_time": 3.67,
    "turn_walk_ratio": 0.25,
    "severity_level": "Severe",
    "severity_score": 4,
    "severity_rationale": "Completed in 19.6s (>13s), indicating severe mobility issues",
    "video": "273_color.mp4"
}