{
    "step_count": 22,
    "mean_step_length": 0.04935754429210316,
    "stride_time": 1.3396825396825396,
    "cadence": 90.20501138952164,
    "step_symmetry": 0.08527842647150534,
    "left_knee_range": 80.51031052389004,
    "right_knee_range": 89.05107686397184,
    "upper_body_sway": 0.16608294592673153,
    "turn1_duration": 3.6666666666666665,
    "turn2_duration": 0.0,
    "total_time": 19.63,
    "sit_to_stand_time": 1.33,
    "walk_from_chair_time": 6.53,
    "turn_first_time": 3.67,
    "walk_to_chair_time": 8.1,
    "turn_second_time": 0,
    "stand_to_sit_time": 0,
    "total_walking_time": 14.63,
    "total_turning_time": 3.67,
    "turn_walk_ratio": 0.25,
    "severity_level": "Severe",
    "severity_score": 4,
    "severity_rationale": "Completed in 19.6s (>13s), indicating severe mobility issues",
    "video": "273_color.mp4"
}