{
    "step_count": 32,
    "mean_step_length": 0.02886680979281664,
    "stride_time": 1.021505376344086,
    "cadence": 119.75051975051974,
    "step_symmetry": 0.1367520402396464,
    "left_knee_range": 30.257469428978624,
    "right_knee_range": 31.627279636756555,
    "upper_body_sway": 0.14380240206614658,
    "turn1_duration": 3.533333333333333,
    "turn2_duration": 1.6666666666666667,
    "total_time": 22.17,
    "sit_to_stand_time": 0.93,
    "walk_from_chair_time": 7.53,
    "turn_first_time": 3.53,
    "walk_to_chair_time": 8.5,
    "turn_second_time": 1.67,
    "stand_to_sit_time": 0,
    "total_walking_time": 16.03,
    "total_turning_time": 5.2,
    "turn_walk_ratio": 0.32,
    "severity_level": "Severe",
    "severity_score": 4,
    "severity_rationale": "Completed in 22.2s (>13s) with issues in both walking (16.0s) and turning (5.2s)",
    "video": "274_color.mp4"
}