{
    "step_count": 33,
    "mean_step_length": 0.027495046456654865,
    "stride_time": 0.9895833333333334,
    "cadence": 123.75,
    "step_symmetry": 0.18006076927562992,
    "left_knee_range": 29.482454642599237,
    "right_knee_range": 32.27668530830087,
    "upper_body_sway": 0.14329297301817853,
    "turn1_duration": 3.566666666666667,
    "turn2_duration": 1.6666666666666667,
    "total_time": 22.23,
    "sit_to_stand_time": 1.0,
    "walk_from_chair_time": 7.53,
    "turn_first_time": 3.57,
    "walk_to_chair_time": 8.47,
    "turn_second_time": 1.67,
    "stand_to_sit_time": 0,
    "total_walking_time": 16.0,
    "total_turning_time": 5.23,
    "turn_walk_ratio": 0.33,
    "severity_level": "Severe",
    "severity_score": 4,
    "severity_rationale": "Completed in 22.2s (>13s) with issues in both walking (16.0s) and turning (5.2s)",
    "video": "274_color.mp4"
}