{
    "step_count": 14,
    "mean_step_length": 0.07233256314482008,
    "stride_time": 1.0051282051282049,
    "cadence": 117.20930232558139,
    "step_symmetry": 0.19037394553174217,
    "left_knee_range": 64.90845855339781,
    "right_knee_range": 59.68091340928166,
    "upper_body_sway": 0.16240843423075926,
    "turn1_duration": 2.433333333333333,
    "turn2_duration": 2.533333333333333,
    "total_time": 14.03,
    "sit_to_stand_time": 1.9,
    "walk_from_chair_time": 3.7,
    "turn_first_time": 2.43,
    "walk_to_chair_time": 3.47,
    "turn_second_time": 2.53,
    "stand_to_sit_time": 0,
    "total_walking_time": 7.17,
    "total_turning_time": 4.97,
    "turn_walk_ratio": 0.69,
    "severity_level": "Severe",
    "severity_score": 4,
    "severity_rationale": "Completed in 14.0s (>13s) with issues in both walking (7.2s) and turning (5.0s)",
    "video": "276_color.mp4"
}