{
    "step_count": 20,
    "mean_step_length": 0.04914071932435036,
    "stride_time": 1.0842105263157893,
    "cadence": 113.9240506329114,
    "step_symmetry": 0.264310678173789,
    "left_knee_range": 33.09004465230393,
    "right_knee_range": 36.84400763903693,
    "upper_body_sway": 0.16689742675075672,
    "turn1_duration": 3.1,
    "turn2_duration": 1.8666666666666667,
    "total_time": 21.27,
    "sit_to_stand_time": 3.8,
    "walk_from_chair_time": 5.27,
    "turn_first_time": 3.1,
    "walk_to_chair_time": 5.27,
    "turn_second_time": 1.87,
    "stand_to_sit_time": 1.97,
    "total_walking_time": 10.53,
    "total_turning_time": 4.97,
    "turn_walk_ratio": 0.47,
    "severity_level": "Severe",
    "severity_score": 4,
    "severity_rationale": "Completed in 21.3s (>13s) with issues in both walking (10.5s) and turning (5.0s)",
    "video": "277_color.mp4"
}