{
    "step_count": 19,
    "mean_step_length": 0.04998253756447842,
    "stride_time": 1.151851851851852,
    "cadence": 107.54716981132076,
    "step_symmetry": 0.19987987891392275,
    "left_knee_range": 33.184982685789464,
    "right_knee_range": 36.489110263872305,
    "upper_body_sway": 0.16789547621580894,
    "turn1_duration": 3.066666666666667,
    "turn2_duration": 1.8333333333333333,
    "total_time": 21.33,
    "sit_to_stand_time": 3.87,
    "walk_from_chair_time": 5.27,
    "turn_first_time": 3.07,
    "walk_to_chair_time": 5.33,
    "turn_second_time": 1.83,
    "stand_to_sit_time": 1.97,
    "total_walking_time": 10.6,
    "total_turning_time": 4.9,
    "turn_walk_ratio": 0.46,
    "severity_level": "Severe",
    "severity_score": 4,
    "severity_rationale": "Completed in 21.3s (>13s) with issues in both walking (10.6s) and turning (4.9s)",
    "video": "277_color.mp4"
}