{
    "step_count": 20,
    "mean_step_length": 0.04904412105679512,
    "stride_time": 1.175438596491228,
    "cadence": 101.40845070422534,
    "step_symmetry": 0.10699438161921196,
    "left_knee_range": 33.37099235508174,
    "right_knee_range": 37.76488906571316,
    "upper_body_sway": 0.1855471800453571,
    "turn1_duration": 2.4,
    "turn2_duration": 2.033333333333333,
    "total_time": 18.67,
    "sit_to_stand_time": 1.63,
    "walk_from_chair_time": 6.07,
    "turn_first_time": 2.4,
    "walk_to_chair_time": 5.77,
    "turn_second_time": 2.03,
    "stand_to_sit_time": 0.77,
    "total_walking_time": 11.83,
    "total_turning_time": 4.43,
    "turn_walk_ratio": 0.37,
    "severity_level": "Severe",
    "severity_score": 4,
    "severity_rationale": "Completed in 18.7s (>13s) with issues in both walking (11.8s) and turning (4.4s)",
    "video": "280_color.mp4"
}