{
    "step_count": 29,
    "mean_step_length": 0.035703976092667414,
    "stride_time": 1.1404761904761904,
    "cadence": 105.88235294117646,
    "step_symmetry": 0.034749076297263114,
    "left_knee_range": 30.946717250720184,
    "right_knee_range": 36.58426552162476,
    "upper_body_sway": 0.16089669817814672,
    "turn1_duration": 3.2333333333333334,
    "turn2_duration": 1.7666666666666666,
    "total_time": 23.5,
    "sit_to_stand_time": 0.93,
    "walk_from_chair_time": 8.63,
    "turn_first_time": 3.23,
    "walk_to_chair_time": 7.8,
    "turn_second_time": 1.77,
    "stand_to_sit_time": 1.13,
    "total_walking_time": 16.43,
    "total_turning_time": 5.0,
    "turn_walk_ratio": 0.3,
    "severity_level": "Severe",
    "severity_score": 4,
    "severity_rationale": "Completed in 23.5s (>13s) with issues in both walking (16.4s) and turning (5.0s)",
    "video": "282_color.mp4"
}