{
    "step_count": 28,
    "mean_step_length": 0.03543899740491595,
    "stride_time": 1.1851851851851851,
    "cadence": 102.2312373225152,
    "step_symmetry": 0.15083936132229567,
    "left_knee_range": 32.323826390943935,
    "right_knee_range": 36.912094079702655,
    "upper_body_sway": 0.16081594772971866,
    "turn1_duration": 3.2333333333333334,
    "turn2_duration": 1.7666666666666666,
    "total_time": 23.5,
    "sit_to_stand_time": 0.93,
    "walk_from_chair_time": 8.63,
    "turn_first_time": 3.23,
    "walk_to_chair_time": 7.8,
    "turn_second_time": 1.77,
    "stand_to_sit_time": 1.13,
    "total_walking_time": 16.43,
    "total_turning_time": 5.0,
    "turn_walk_ratio": 0.3,
    "severity_level": "Severe",
    "severity_score": 4,
    "severity_rationale": "Completed in 23.5s (>13s) with issues in both walking (16.4s) and turning (5.0s)",
    "video": "282_color.mp4"
}