{
    "step_count": 14,
    "mean_step_length": 0.07512518124920982,
    "stride_time": 1.2205128205128204,
    "cadence": 98.0544747081712,
    "step_symmetry": 0.10183565711546685,
    "left_knee_range": 47.96319702564941,
    "right_knee_range": 46.73886094142597,
    "upper_body_sway": 0.18202856432733477,
    "turn1_duration": 1.7666666666666666,
    "turn2_duration": 1.9,
    "total_time": 15.47,
    "sit_to_stand_time": 1.9,
    "walk_from_chair_time": 4.8,
    "turn_first_time": 1.77,
    "walk_to_chair_time": 3.77,
    "turn_second_time": 1.9,
    "stand_to_sit_time": 1.33,
    "total_walking_time": 8.57,
    "total_turning_time": 3.67,
    "turn_walk_ratio": 0.43,
    "severity_level": "Severe",
    "severity_score": 4,
    "severity_rationale": "Completed in 15.5s (>13s), indicating severe mobility issues",
    "video": "283_color.mp4"
}