{
    "step_count": 24,
    "mean_step_length": 0.04863058837751547,
    "stride_time": 1.2608695652173914,
    "cadence": 96.8609865470852,
    "step_symmetry": 0.043432927488263814,
    "left_knee_range": 30.975947662348915,
    "right_knee_range": 35.00536334211469,
    "upper_body_sway": 0.18567753840103546,
    "turn1_duration": 2.1333333333333333,
    "turn2_duration": 1.6,
    "total_time": 22.33,
    "sit_to_stand_time": 2.23,
    "walk_from_chair_time": 8.4,
    "turn_first_time": 2.13,
    "walk_to_chair_time": 6.47,
    "turn_second_time": 1.6,
    "stand_to_sit_time": 1.5,
    "total_walking_time": 14.87,
    "total_turning_time": 3.73,
    "turn_walk_ratio": 0.25,
    "severity_level": "Severe",
    "severity_score": 4,
    "severity_rationale": "Completed in 22.3s (>13s), indicating severe mobility issues",
    "video": "284_color.mp4"
}