{
    "step_count": 19,
    "mean_step_length": 0.055987343976372166,
    "stride_time": 0.9999999999999998,
    "cadence": 121.70818505338077,
    "step_symmetry": 0.05355028930709912,
    "left_knee_range": 40.283088443808396,
    "right_knee_range": 51.44161145029007,
    "upper_body_sway": 0.15771726382308457,
    "turn1_duration": 2.066666666666667,
    "turn2_duration": 2.2666666666666666,
    "total_time": 15.67,
    "sit_to_stand_time": 1.63,
    "walk_from_chair_time": 4.67,
    "turn_first_time": 2.07,
    "walk_to_chair_time": 4.7,
    "turn_second_time": 2.27,
    "stand_to_sit_time": 0.33,
    "total_walking_time": 9.37,
    "total_turning_time": 4.33,
    "turn_walk_ratio": 0.46,
    "severity_level": "Severe",
    "severity_score": 4,
    "severity_rationale": "Completed in 15.7s (>13s) with issues in both walking (9.4s) and turning (4.3s)",
    "video": "286_color.mp4"
}