{
    "step_count": 28,
    "mean_step_length": 0.03832917181508882,
    "stride_time": 1.0345679012345679,
    "cadence": 118.58823529411765,
    "step_symmetry": 0.08598054706926367,
    "left_knee_range": 32.285308076279904,
    "right_knee_range": 32.749708346700544,
    "upper_body_sway": 0.1614418411005679,
    "turn1_duration": 3.0,
    "turn2_duration": 5.133333333333334,
    "total_time": 24.97,
    "sit_to_stand_time": 1.7,
    "walk_from_chair_time": 7.47,
    "turn_first_time": 3.0,
    "walk_to_chair_time": 6.7,
    "turn_second_time": 5.13,
    "stand_to_sit_time": 0.97,
    "total_walking_time": 14.17,
    "total_turning_time": 8.13,
    "turn_walk_ratio": 0.57,
    "severity_level": "Severe",
    "severity_score": 4,
    "severity_rationale": "Completed in 25.0s (>13s) with issues in both walking (14.2s) and turning (8.1s)",
    "video": "288_color.mp4"
}