{
    "step_count": 23,
    "mean_step_length": 0.04566433442675549,
    "stride_time": 1.0242424242424244,
    "cadence": 115.0,
    "step_symmetry": 0.21928916269353488,
    "left_knee_range": 29.091888662064235,
    "right_knee_range": 31.78728720216327,
    "upper_body_sway": 0.16402800861849665,
    "turn1_duration": 2.6666666666666665,
    "turn2_duration": 2.6333333333333333,
    "total_time": 26.13,
    "sit_to_stand_time": 4.63,
    "walk_from_chair_time": 6.1,
    "turn_first_time": 2.67,
    "walk_to_chair_time": 5.9,
    "turn_second_time": 2.63,
    "stand_to_sit_time": 4.2,
    "total_walking_time": 12.0,
    "total_turning_time": 5.3,
    "turn_walk_ratio": 0.44,
    "severity_level": "Severe",
    "severity_score": 4,
    "severity_rationale": "Completed in 26.1s (>13s) with issues in both walking (12.0s) and turning (5.3s)",
    "video": "291_color.mp4"
}