{
    "step_count": 41,
    "mean_step_length": 0.02067071490171479,
    "stride_time": 0.9116666666666667,
    "cadence": 133.21299638989169,
    "step_symmetry": 0.1681913445050161,
    "left_knee_range": 34.88919564225523,
    "right_knee_range": 40.60058825726475,
    "upper_body_sway": 0.16637205343168032,
    "turn1_duration": 3.6333333333333333,
    "turn2_duration": 2.5,
    "total_time": 32.33,
    "sit_to_stand_time": 3.77,
    "walk_from_chair_time": 9.57,
    "turn_first_time": 3.63,
    "walk_to_chair_time": 8.9,
    "turn_second_time": 2.5,
    "stand_to_sit_time": 3.97,
    "total_walking_time": 18.47,
    "total_turning_time": 6.13,
    "turn_walk_ratio": 0.33,
    "severity_level": "Severe",
    "severity_score": 4,
    "severity_rationale": "Completed in 32.3s (>13s) with issues in both walking (18.5s) and turning (6.1s)",
    "video": "292_color.mp4"
}