{
    "step_count": 38,
    "mean_step_length": 0.021860858327464053,
    "stride_time": 0.9891891891891892,
    "cadence": 123.46570397111915,
    "step_symmetry": 0.000139914881526244,
    "left_knee_range": 34.53632295792491,
    "right_knee_range": 40.564261322785796,
    "upper_body_sway": 0.1667188597196342,
    "turn1_duration": 3.6333333333333333,
    "turn2_duration": 2.5,
    "total_time": 32.03,
    "sit_to_stand_time": 3.47,
    "walk_from_chair_time": 9.6,
    "turn_first_time": 3.63,
    "walk_to_chair_time": 8.87,
    "turn_second_time": 2.5,
    "stand_to_sit_time": 3.97,
    "total_walking_time": 18.47,
    "total_turning_time": 6.13,
    "turn_walk_ratio": 0.33,
    "severity_level": "Severe",
    "severity_score": 4,
    "severity_rationale": "Completed in 32.0s (>13s) with issues in both walking (18.5s) and turning (6.1s)",
    "video": "292_color.mp4"
}