{
    "step_count": 10,
    "mean_step_length": 0.10323494970798493,
    "stride_time": 1.17037037037037,
    "cadence": 101.69491525423729,
    "step_symmetry": 0.03364703611595195,
    "left_knee_range": 43.98418302022364,
    "right_knee_range": 52.9752115526627,
    "upper_body_sway": 0.17595419439886872,
    "turn1_duration": 1.8,
    "turn2_duration": 0.8333333333333334,
    "total_time": 12.8,
    "sit_to_stand_time": 2.97,
    "walk_from_chair_time": 3.07,
    "turn_first_time": 1.8,
    "walk_to_chair_time": 2.83,
    "turn_second_time": 0.83,
    "stand_to_sit_time": 1.3,
    "total_walking_time": 5.9,
    "total_turning_time": 2.63,
    "turn_walk_ratio": 0.45,
    "severity_level": "Slight",
    "severity_score": 1,
    "severity_rationale": "Completed in 12.8s (\u226413s) with turning ratio 0.45 (<1.0), indicating slight mobility issues",
    "video": "294_color.mp4"
}