{
    "step_count": 13,
    "mean_step_length": 0.07073253851670486,
    "stride_time": 1.1388888888888888,
    "cadence": 97.90794979079497,
    "step_symmetry": 0.18729384059443255,
    "left_knee_range": 38.703421552243896,
    "right_knee_range": 35.31641227167344,
    "upper_body_sway": 0.1634111538104208,
    "turn1_duration": 1.9666666666666666,
    "turn2_duration": 1.8666666666666667,
    "total_time": 17.3,
    "sit_to_stand_time": 2.7,
    "walk_from_chair_time": 3.97,
    "turn_first_time": 1.97,
    "walk_to_chair_time": 4.0,
    "turn_second_time": 1.87,
    "stand_to_sit_time": 2.8,
    "total_walking_time": 7.97,
    "total_turning_time": 3.83,
    "turn_walk_ratio": 0.48,
    "severity_level": "Severe",
    "severity_score": 4,
    "severity_rationale": "Completed in 17.3s (>13s), indicating severe mobility issues",
    "video": "295_color.mp4"
}