{
    "step_count": 13,
    "mean_step_length": 0.0710799120939695,
    "stride_time": 1.1388888888888888,
    "cadence": 97.90794979079497,
    "step_symmetry": 0.17255086427331745,
    "left_knee_range": 39.19943954655179,
    "right_knee_range": 45.07647078164089,
    "upper_body_sway": 0.16350555487821944,
    "turn1_duration": 1.9666666666666666,
    "turn2_duration": 1.8333333333333333,
    "total_time": 17.37,
    "sit_to_stand_time": 2.77,
    "walk_from_chair_time": 3.97,
    "turn_first_time": 1.97,
    "walk_to_chair_time": 4.0,
    "turn_second_time": 1.83,
    "stand_to_sit_time": 2.83,
    "total_walking_time": 7.97,
    "total_turning_time": 3.8,
    "turn_walk_ratio": 0.48,
    "severity_level": "Severe",
    "severity_score": 4,
    "severity_rationale": "Completed in 17.4s (>13s), indicating severe mobility issues",
    "video": "295_color.mp4"
}