{
    "step_count": 18,
    "mean_step_length": 0.04807127846611871,
    "stride_time": 1.192156862745098,
    "cadence": 103.18471337579618,
    "step_symmetry": 0.00029427486595068266,
    "left_knee_range": 54.48689055653422,
    "right_knee_range": 43.779986113489684,
    "upper_body_sway": 0.18061652141860624,
    "turn1_duration": 3.7333333333333334,
    "turn2_duration": 3.466666666666667,
    "total_time": 21.3,
    "sit_to_stand_time": 2.57,
    "walk_from_chair_time": 5.67,
    "turn_first_time": 3.73,
    "walk_to_chair_time": 4.8,
    "turn_second_time": 3.47,
    "stand_to_sit_time": 1.07,
    "total_walking_time": 10.47,
    "total_turning_time": 7.2,
    "turn_walk_ratio": 0.69,
    "severity_level": "Severe",
    "severity_score": 4,
    "severity_rationale": "Completed in 21.3s (>13s) with issues in both walking (10.5s) and turning (7.2s)",
    "video": "296_color.mp4"
}