{
    "step_count": 12,
    "mean_step_length": 0.08829239010810852,
    "stride_time": 1.1212121212121213,
    "cadence": 110.76923076923077,
    "step_symmetry": 0.21401858254509026,
    "left_knee_range": 49.905895704090824,
    "right_knee_range": 52.910301305945396,
    "upper_body_sway": 0.17374554879612739,
    "turn1_duration": 2.3666666666666667,
    "turn2_duration": 1.2,
    "total_time": 13.2,
    "sit_to_stand_time": 2.1,
    "walk_from_chair_time": 3.17,
    "turn_first_time": 2.37,
    "walk_to_chair_time": 3.33,
    "turn_second_time": 1.2,
    "stand_to_sit_time": 1.03,
    "total_walking_time": 6.5,
    "total_turning_time": 3.57,
    "turn_walk_ratio": 0.55,
    "severity_level": "Severe",
    "severity_score": 4,
    "severity_rationale": "Completed in 13.2s (>13s), indicating severe mobility issues",
    "video": "299_color.mp4"
}