{
    "step_count": 31,
    "mean_step_length": 0.04078944604243002,
    "stride_time": 0.9066666666666666,
    "cadence": 135.4368932038835,
    "step_symmetry": 0.18380127805097815,
    "left_knee_range": 37.497796834638166,
    "right_knee_range": 38.05798060924553,
    "upper_body_sway": 0.17998124304308766,
    "turn1_duration": 7.166666666666667,
    "turn2_duration": 2.7333333333333334,
    "total_time": 29.7,
    "sit_to_stand_time": 3.27,
    "walk_from_chair_time": 7.1,
    "turn_first_time": 7.17,
    "walk_to_chair_time": 6.63,
    "turn_second_time": 2.73,
    "stand_to_sit_time": 2.8,
    "total_walking_time": 13.73,
    "total_turning_time": 9.9,
    "turn_walk_ratio": 0.72,
    "severity_level": "Severe",
    "severity_score": 4,
    "severity_rationale": "Completed in 29.7s (>13s) with issues in both walking (13.7s) and turning (9.9s)",
    "video": "300_color.mp4"
}