{
    "step_count": 15,
    "mean_step_length": 0.06986316243807475,
    "stride_time": 1.2476190476190478,
    "cadence": 93.10344827586206,
    "step_symmetry": 0.07918666227826861,
    "left_knee_range": 26.85661221680803,
    "right_knee_range": 40.568554477622456,
    "upper_body_sway": 0.17264064781187785,
    "turn1_duration": 2.566666666666667,
    "turn2_duration": 1.3666666666666667,
    "total_time": 18.33,
    "sit_to_stand_time": 2.37,
    "walk_from_chair_time": 5.27,
    "turn_first_time": 2.57,
    "walk_to_chair_time": 4.4,
    "turn_second_time": 1.37,
    "stand_to_sit_time": 2.37,
    "total_walking_time": 9.67,
    "total_turning_time": 3.93,
    "turn_walk_ratio": 0.41,
    "severity_level": "Severe",
    "severity_score": 4,
    "severity_rationale": "Completed in 18.3s (>13s), indicating severe mobility issues",
    "video": "301_color.mp4"
}