{
    "step_count": 28,
    "mean_step_length": 0.04035845611776624,
    "stride_time": 1.017283950617284,
    "cadence": 119.14893617021276,
    "step_symmetry": 0.10320646203036038,
    "left_knee_range": 36.673358877216145,
    "right_knee_range": 43.04489310368933,
    "upper_body_sway": 0.21561070289850906,
    "turn1_duration": 2.2,
    "turn2_duration": 1.9333333333333333,
    "total_time": 26.3,
    "sit_to_stand_time": 5.87,
    "walk_from_chair_time": 8.23,
    "turn_first_time": 2.2,
    "walk_to_chair_time": 5.87,
    "turn_second_time": 1.93,
    "stand_to_sit_time": 2.2,
    "total_walking_time": 14.1,
    "total_turning_time": 4.13,
    "turn_walk_ratio": 0.29,
    "severity_level": "Severe",
    "severity_score": 4,
    "severity_rationale": "Completed in 26.3s (>13s) with issues in both walking (14.1s) and turning (4.1s)",
    "video": "302_color.mp4"
}