{
    "step_count": 27,
    "mean_step_length": 0.026777633362346225,
    "stride_time": 0.9461538461538462,
    "cadence": 128.57142857142856,
    "step_symmetry": 0.16168519518043473,
    "left_knee_range": 28.613642626525603,
    "right_knee_range": 35.9681663075574,
    "upper_body_sway": 0.1737799873615438,
    "turn1_duration": 2.6333333333333333,
    "turn2_duration": 2.2,
    "total_time": 23.53,
    "sit_to_stand_time": 3.9,
    "walk_from_chair_time": 7.03,
    "turn_first_time": 2.63,
    "walk_to_chair_time": 5.57,
    "turn_second_time": 2.2,
    "stand_to_sit_time": 2.2,
    "total_walking_time": 12.6,
    "total_turning_time": 4.83,
    "turn_walk_ratio": 0.38,
    "severity_level": "Severe",
    "severity_score": 4,
    "severity_rationale": "Completed in 23.5s (>13s) with issues in both walking (12.6s) and turning (4.8s)",
    "video": "303_color.mp4"
}