{
    "step_count": 30,
    "mean_step_length": 0.040773770213127135,
    "stride_time": 1.0275862068965518,
    "cadence": 115.38461538461539,
    "step_symmetry": 0.012879328371221905,
    "left_knee_range": 43.321159836585224,
    "right_knee_range": 47.820655881132296,
    "upper_body_sway": 0.19049441575446985,
    "turn1_duration": 2.5,
    "turn2_duration": 2.8666666666666667,
    "total_time": 30.23,
    "sit_to_stand_time": 6.47,
    "walk_from_chair_time": 9.1,
    "turn_first_time": 2.5,
    "walk_to_chair_time": 6.5,
    "turn_second_time": 2.87,
    "stand_to_sit_time": 2.8,
    "total_walking_time": 15.6,
    "total_turning_time": 5.37,
    "turn_walk_ratio": 0.34,
    "severity_level": "Severe",
    "severity_score": 4,
    "severity_rationale": "Completed in 30.2s (>13s) with issues in both walking (15.6s) and turning (5.4s)",
    "video": "304_color.mp4"
}