{
    "step_count": 35,
    "mean_step_length": 0.02593379659312112,
    "stride_time": 1.0058823529411764,
    "cadence": 119.31818181818181,
    "step_symmetry": 0.062049168129174256,
    "left_knee_range": 45.05957210536738,
    "right_knee_range": 49.02119743216657,
    "upper_body_sway": 0.168614299004292,
    "turn1_duration": 3.033333333333333,
    "turn2_duration": 3.0,
    "total_time": 27.73,
    "sit_to_stand_time": 2.27,
    "walk_from_chair_time": 8.27,
    "turn_first_time": 3.03,
    "walk_to_chair_time": 9.33,
    "turn_second_time": 3.0,
    "stand_to_sit_time": 1.83,
    "total_walking_time": 17.6,
    "total_turning_time": 6.03,
    "turn_walk_ratio": 0.34,
    "severity_level": "Severe",
    "severity_score": 4,
    "severity_rationale": "Completed in 27.7s (>13s) with issues in both walking (17.6s) and turning (6.0s)",
    "video": "305_color.mp4"
}