{
    "step_count": 23,
    "mean_step_length": 0.030325254668360172,
    "stride_time": 0.9121212121212121,
    "cadence": 128.57142857142858,
    "step_symmetry": 0.9181033353489023,
    "left_knee_range": 25.10518552140445,
    "right_knee_range": 40.600769057227836,
    "upper_body_sway": 0.15125393881015398,
    "turn1_duration": 3.7333333333333334,
    "turn2_duration": 2.6333333333333333,
    "total_time": 20.43,
    "sit_to_stand_time": 2.07,
    "walk_from_chair_time": 5.07,
    "turn_first_time": 3.73,
    "walk_to_chair_time": 5.67,
    "turn_second_time": 2.63,
    "stand_to_sit_time": 1.27,
    "total_walking_time": 10.73,
    "total_turning_time": 6.37,
    "turn_walk_ratio": 0.59,
    "severity_level": "Severe",
    "severity_score": 4,
    "severity_rationale": "Completed in 20.4s (>13s) with issues in both walking (10.7s) and turning (6.4s)",
    "video": "308_color.mp4"
}