{
    "step_count": 14,
    "mean_step_length": 0.08003828780991691,
    "stride_time": 1.0769230769230769,
    "cadence": 114.02714932126698,
    "step_symmetry": 0.02831706736491314,
    "left_knee_range": 41.03661964526114,
    "right_knee_range": 39.11260161785859,
    "upper_body_sway": 0.16591561043683348,
    "turn1_duration": 2.1333333333333333,
    "turn2_duration": 2.1333333333333333,
    "total_time": 16.57,
    "sit_to_stand_time": 1.97,
    "walk_from_chair_time": 4.07,
    "turn_first_time": 2.13,
    "walk_to_chair_time": 3.3,
    "turn_second_time": 2.13,
    "stand_to_sit_time": 2.97,
    "total_walking_time": 7.37,
    "total_turning_time": 4.27,
    "turn_walk_ratio": 0.58,
    "severity_level": "Severe",
    "severity_score": 4,
    "severity_rationale": "Completed in 16.6s (>13s) with issues in both walking (7.4s) and turning (4.3s)",
    "video": "309_color.mp4"
}