{
    "step_count": 16,
    "mean_step_length": 0.05515431985259056,
    "stride_time": 1.097777777777778,
    "cadence": 111.62790697674419,
    "step_symmetry": 0.13895196845740146,
    "left_knee_range": 36.37756558210535,
    "right_knee_range": 29.14366374187037,
    "upper_body_sway": 0.14819345330668873,
    "turn1_duration": 2.1666666666666665,
    "turn2_duration": 3.4,
    "total_time": 19.0,
    "sit_to_stand_time": 2.63,
    "walk_from_chair_time": 4.53,
    "turn_first_time": 2.17,
    "walk_to_chair_time": 4.07,
    "turn_second_time": 3.4,
    "stand_to_sit_time": 2.2,
    "total_walking_time": 8.6,
    "total_turning_time": 5.57,
    "turn_walk_ratio": 0.65,
    "severity_level": "Severe",
    "severity_score": 4,
    "severity_rationale": "Completed in 19.0s (>13s) with issues in both walking (8.6s) and turning (5.6s)",
    "video": "310_color.mp4"
}