{
    "step_count": 18,
    "mean_step_length": 0.052608109182781644,
    "stride_time": 1.0392156862745099,
    "cadence": 112.89198606271778,
    "step_symmetry": 0.1076212883684309,
    "left_knee_range": 38.50305246400265,
    "right_knee_range": 45.33578104227078,
    "upper_body_sway": 0.17299632089952124,
    "turn1_duration": 1.5,
    "turn2_duration": 1.1666666666666667,
    "total_time": 17.13,
    "sit_to_stand_time": 2.73,
    "walk_from_chair_time": 4.87,
    "turn_first_time": 1.5,
    "walk_to_chair_time": 4.7,
    "turn_second_time": 1.17,
    "stand_to_sit_time": 2.17,
    "total_walking_time": 9.57,
    "total_turning_time": 2.67,
    "turn_walk_ratio": 0.28,
    "severity_level": "Severe",
    "severity_score": 4,
    "severity_rationale": "Completed in 17.1s (>13s), indicating severe mobility issues",
    "video": "311_color.mp4"
}