{
    "step_count": 25,
    "mean_step_length": 0.03892451882362366,
    "stride_time": 0.9638888888888889,
    "cadence": 125.69832402234637,
    "step_symmetry": 0.12655089113586107,
    "left_knee_range": 26.539063762906068,
    "right_knee_range": 47.82829113085805,
    "upper_body_sway": 0.18444627286720705,
    "turn1_duration": 2.933333333333333,
    "turn2_duration": 3.2666666666666666,
    "total_time": 24.1,
    "sit_to_stand_time": 3.77,
    "walk_from_chair_time": 6.57,
    "turn_first_time": 2.93,
    "walk_to_chair_time": 5.37,
    "turn_second_time": 3.27,
    "stand_to_sit_time": 2.2,
    "total_walking_time": 11.93,
    "total_turning_time": 6.2,
    "turn_walk_ratio": 0.52,
    "severity_level": "Severe",
    "severity_score": 4,
    "severity_rationale": "Completed in 24.1s (>13s) with issues in both walking (11.9s) and turning (6.2s)",
    "video": "313_color.mp4"
}