{
    "step_count": 13,
    "mean_step_length": 0.08271125073616321,
    "stride_time": 1.2666666666666668,
    "cadence": 98.73417721518987,
    "step_symmetry": 0.08652632552089795,
    "left_knee_range": 50.14818114566987,
    "right_knee_range": 52.35501421712807,
    "upper_body_sway": 0.17724669310666283,
    "turn1_duration": 2.1333333333333333,
    "turn2_duration": 1.2,
    "total_time": 15.5,
    "sit_to_stand_time": 2.3,
    "walk_from_chair_time": 4.03,
    "turn_first_time": 2.13,
    "walk_to_chair_time": 3.87,
    "turn_second_time": 1.2,
    "stand_to_sit_time": 1.97,
    "total_walking_time": 7.9,
    "total_turning_time": 3.33,
    "turn_walk_ratio": 0.42,
    "severity_level": "Severe",
    "severity_score": 4,
    "severity_rationale": "Completed in 15.5s (>13s), indicating severe mobility issues",
    "video": "314_color.mp4"
}