{
    "step_count": 14,
    "mean_step_length": 0.07646847835608891,
    "stride_time": 1.0153846153846156,
    "cadence": 109.56521739130434,
    "step_symmetry": 0.47268423805819887,
    "left_knee_range": 51.15488178550598,
    "right_knee_range": 53.94560515598147,
    "upper_body_sway": 0.18547037342176237,
    "turn1_duration": 1.3666666666666667,
    "turn2_duration": 0.6333333333333333,
    "total_time": 12.77,
    "sit_to_stand_time": 1.8,
    "walk_from_chair_time": 4.53,
    "turn_first_time": 1.37,
    "walk_to_chair_time": 3.13,
    "turn_second_time": 0.63,
    "stand_to_sit_time": 1.3,
    "total_walking_time": 7.67,
    "total_turning_time": 2.0,
    "turn_walk_ratio": 0.26,
    "severity_level": "Slight",
    "severity_score": 1,
    "severity_rationale": "Completed in 12.8s (\u226413s) with turning ratio 0.26 (<1.0), indicating slight mobility issues",
    "video": "316_color.mp4"
}