{
    "step_count": 16,
    "mean_step_length": 0.06919733062386513,
    "stride_time": 1.1066666666666667,
    "cadence": 113.38582677165354,
    "step_symmetry": 0.3170256048756241,
    "left_knee_range": 47.90629398010449,
    "right_knee_range": 54.57328458792216,
    "upper_body_sway": 0.17432502111860923,
    "turn1_duration": 1.6666666666666667,
    "turn2_duration": 1.3333333333333333,
    "total_time": 16.13,
    "sit_to_stand_time": 2.87,
    "walk_from_chair_time": 4.43,
    "turn_first_time": 1.67,
    "walk_to_chair_time": 4.03,
    "turn_second_time": 1.33,
    "stand_to_sit_time": 1.8,
    "total_walking_time": 8.47,
    "total_turning_time": 3.0,
    "turn_walk_ratio": 0.35,
    "severity_level": "Severe",
    "severity_score": 4,
    "severity_rationale": "Completed in 16.1s (>13s), indicating severe mobility issues",
    "video": "318_color.mp4"
}