{
    "step_count": 19,
    "mean_step_length": 0.052003800084716396,
    "stride_time": 1.0703703703703702,
    "cadence": 114.38127090301003,
    "step_symmetry": 0.06539269556998843,
    "left_knee_range": 47.31086022670402,
    "right_knee_range": 40.44042680216279,
    "upper_body_sway": 0.1878222588667637,
    "turn1_duration": 2.6333333333333333,
    "turn2_duration": 1.7,
    "total_time": 20.83,
    "sit_to_stand_time": 4.67,
    "walk_from_chair_time": 5.6,
    "turn_first_time": 2.63,
    "walk_to_chair_time": 4.37,
    "turn_second_time": 1.7,
    "stand_to_sit_time": 1.87,
    "total_walking_time": 9.97,
    "total_turning_time": 4.33,
    "turn_walk_ratio": 0.43,
    "severity_level": "Severe",
    "severity_score": 4,
    "severity_rationale": "Completed in 20.8s (>13s) with issues in both walking (10.0s) and turning (4.3s)",
    "video": "319_color.mp4"
}