{
    "step_count": 26,
    "mean_step_length": 0.038620965412029855,
    "stride_time": 0.9173333333333333,
    "cadence": 125.46916890080429,
    "step_symmetry": 0.15261697884119763,
    "left_knee_range": 35.882239867882845,
    "right_knee_range": 32.749285947364655,
    "upper_body_sway": 0.19539429430807925,
    "turn1_duration": 5.433333333333334,
    "turn2_duration": 2.7333333333333334,
    "total_time": 29.8,
    "sit_to_stand_time": 7.27,
    "walk_from_chair_time": 7.6,
    "turn_first_time": 5.43,
    "walk_to_chair_time": 4.83,
    "turn_second_time": 2.73,
    "stand_to_sit_time": 1.93,
    "total_walking_time": 12.43,
    "total_turning_time": 8.17,
    "turn_walk_ratio": 0.66,
    "severity_level": "Severe",
    "severity_score": 4,
    "severity_rationale": "Completed in 29.8s (>13s) with issues in both walking (12.4s) and turning (8.2s)",
    "video": "320_color.mp4"
}