{
    "step_count": 10,
    "mean_step_length": 0.11198679506778716,
    "stride_time": 1.1175614658806234,
    "cadence": 91.63298969072164,
    "step_symmetry": 0.13187970268571605,
    "left_knee_range": 48.25329839810743,
    "right_knee_range": 51.30353958071558,
    "upper_body_sway": 0.16349122222577792,
    "turn1_duration": 1.2825705413797759,
    "turn2_duration": 2.66639665181585,
    "total_time": 16.03,
    "sit_to_stand_time": 3.85,
    "walk_from_chair_time": 3.98,
    "turn_first_time": 1.28,
    "walk_to_chair_time": 2.57,
    "turn_second_time": 2.67,
    "stand_to_sit_time": 1.69,
    "total_walking_time": 6.55,
    "total_turning_time": 3.95,
    "turn_walk_ratio": 0.6,
    "severity_level": "Severe",
    "severity_score": 4,
    "severity_rationale": "Completed in 16.0s (>13s), indicating severe mobility issues",
    "video": "408_color.mp4"
}