{
    "step_count": 8,
    "mean_step_length": 0.1068655252456665,
    "stride_time": 1.1475631159713784,
    "cadence": 91.75122580645161,
    "step_symmetry": 0.18959931530152724,
    "left_knee_range": 53.519416436415725,
    "right_knee_range": 52.1333611813084,
    "upper_body_sway": 0.13652937821712072,
    "turn1_duration": 0.9113001215066828,
    "turn2_duration": 2.3626299446469554,
    "total_time": 15.73,
    "sit_to_stand_time": 6.72,
    "walk_from_chair_time": 3.0,
    "turn_first_time": 0.91,
    "walk_to_chair_time": 2.23,
    "turn_second_time": 2.36,
    "stand_to_sit_time": 0.51,
    "total_walking_time": 5.23,
    "total_turning_time": 3.27,
    "turn_walk_ratio": 0.63,
    "severity_level": "Severe",
    "severity_score": 4,
    "severity_rationale": "Completed in 15.7s (>13s), indicating severe mobility issues",
    "video": "409_color.mp4"
}