{
    "step_count": 11,
    "mean_step_length": 0.1027173101902008,
    "stride_time": 1.4681333333333335,
    "cadence": 86.75534991324466,
    "step_symmetry": 0.06579129723478924,
    "left_knee_range": 57.44915173510779,
    "right_knee_range": 49.0880405712503,
    "upper_body_sway": 0.15230906536539507,
    "turn1_duration": 1.1678333333333333,
    "turn2_duration": 2.2022,
    "total_time": 18.42,
    "sit_to_stand_time": 4.1,
    "walk_from_chair_time": 3.87,
    "turn_first_time": 1.17,
    "walk_to_chair_time": 3.74,
    "turn_second_time": 2.2,
    "stand_to_sit_time": 3.34,
    "total_walking_time": 7.61,
    "total_turning_time": 3.37,
    "turn_walk_ratio": 0.44,
    "severity_level": "Severe",
    "severity_score": 4,
    "severity_rationale": "Completed in 18.4s (>13s), indicating severe mobility issues",
    "video": "421_color.mp4"
}