{
    "step_count": 12,
    "mean_step_length": 0.08424269407987595,
    "stride_time": 1.1587333333333332,
    "cadence": 109.53513491584557,
    "step_symmetry": 0.28530501047608586,
    "left_knee_range": 50.822461241743525,
    "right_knee_range": 55.71747600042312,
    "upper_body_sway": 0.12913111762033075,
    "turn1_duration": 0.8008000000000001,
    "turn2_duration": 2.769433333333333,
    "total_time": 16.82,
    "sit_to_stand_time": 3.84,
    "walk_from_chair_time": 3.34,
    "turn_first_time": 0.8,
    "walk_to_chair_time": 3.24,
    "turn_second_time": 2.77,
    "stand_to_sit_time": 2.84,
    "total_walking_time": 6.57,
    "total_turning_time": 3.57,
    "turn_walk_ratio": 0.54,
    "severity_level": "Severe",
    "severity_score": 4,
    "severity_rationale": "Completed in 16.8s (>13s), indicating severe mobility issues",
    "video": "422_color.mp4"
}