step_count,mean_step_length,stride_time,cadence,step_symmetry,left_knee_range,right_knee_range,upper_body_sway,turn1_duration,turn2_duration,video
21,0.042551794222423,1.1366666666666667,104.70914127423822,0.212427574250733,41.66588382824364,39.3500718056826,0.1581949938911604,2.333333333333333,2.1,001_color.mp4
58,0.0256730364314441,0.9871345029239766,121.82030338389733,0.0057479660108053,19.822891956877555,26.535987696078564,0.2317313583639901,9.866666666666667,22.03333333333333,061_color.mp4
12,0.1109569557011127,1.1090909090909091,107.46268656716418,0.0860911483619772,47.67541122880618,46.45809576950597,0.2284021099286612,1.4333333333333331,1.6,091_color.mp4
12,0.0778630276521046,0.9393939393939392,132.51533742331287,0.0144846566365767,47.40983394534274,42.47627671807342,0.1516230195796427,2.066666666666667,0.7,111_color.mp4
10,0.1113188713788986,1.2600693038117097,92.5875,0.1892226245612232,48.61688531227273,51.42073196127377,0.1624146957009149,1.3163223977318752,2.6326447954637504,408_color.mp4
10,0.106039497256279,1.0425573406537358,114.68903225806451,0.1993119857870015,52.80896701638952,52.157932101351136,0.1346186087042071,0.9113001215066828,2.3626299446469554,409_color.mp4
11,0.098861432888291,1.4748066666666666,85.62865705722848,0.154733795635435,57.12873336318302,48.583531479441575,0.1564123543489392,1.1344666666666667,2.135466666666667,421_color.mp4
11,0.0881893363865939,1.16116,101.95989577432876,0.21315195445298957,50.39248143712547,55.96102312502363,0.12758087442525895,0.8008000000000001,2.8028,422_color.mp4
